Name,Time,Post
CGTN   , China state-controlled media  ,A new Perspective in Science discusses the neurological symptoms that accompany #COVID19 and the possible mechanisms that cause them.  https://fcld.ly/h7kuf5x8.1K 8.1K491 comments4.6K
CGTN   , China state-controlled media  ,"Millions of high-risk Americans are dealing with strain and grief as their neighbors and government seek a return to normal — without them — as the pandemic enters its third year: ""It’s like living behind a veil while the rest of the world moves forward.""https://nyti.ms/3rVLBt01.4K 1.4K274 comments203"
CGTN   , China state-controlled media  ,"করোনায় মৃত্যু বেড়ে ৩৪, বাড়ল শনাক্তও #covid19 #vaccine #Omicron #DeltaSee translationprothomalo.comকরোনায় মৃত্যু বেড়ে ৩৪, বাড়ল শনাক্তওদেশে সর্বশেষ ২৪ ঘণ্টায় (গতকাল সোমবার সকাল ৮টা থেকে আজ মঙ্গলবার সকাল ৮টা পর্যন্ত) ৪ হাজার ৭৪৬ জনের দেহে করোনাভাইরাস...Visit the COVID-19 Information Centre for vaccine resources.Get Vaccine Info15K 15K362 comments87"
"See all public posts for ""covid-19""", 9 February at 20:20  ,"Judy Ann Santos is extremely elated that her six-year-old daughter Luna and 11-year-old son Lucho were finally able to get their #COVID19 vaccines on Monday.news.abs-cbn.comJudy Ann's son, daughter finally get COVID-19 vaccinesJudy Ann Santos is extremely elated that her six-year-old daughter Luna and 11-year-old son Lucho were finally able to get their COVID-19 vaccines on Monday.Visit the COVID-19 Information Centre for vaccine resources.Get Vaccine Info26K 26K1.2K comments253"
Science   , China state-controlled media  ,"Feel like you're juggling more work than ever? You're not alone. Two-thirds of workers said their workload has increased ""significantly"" since the start of the pandemic.Throughout the #Covid19 crisis, millions of people have quit their jobs or left the workforce altogether in what has been called the #GreatResignation. Those who stayed in their jobs often had to take on additional responsibility, put in longer hours, and keep up with more communication channels. That's caus… See more5.2K 5.2K139 comments1K"
CGTN   , 2 d  ,"It’s simple: Eight months after your second shot, get your booster shot.0:05 / 0:20Visit the COVID-19 Information Centre for vaccine resources.Get Vaccine Info42K 42K9.4K comments2.2K"
The New York Times   , 4 d  ,"I’m instructing the Department of Labor to require all employers with 100+ employees to ensure their workforce is fully vaccinated — or show a negative test at least once a week.Some of the biggest companies have already required this: United, Disney, Tyson, and Fox News.Visit the COVID-19 Information Centre for vaccine resources.Get Vaccine Info81K 81K12K comments6.4K"
ActiveProthom Alo   , China state-controlled media  ,"Metro Manila will retain current restrictions against #COVID19 until the end of the month despite decreasing coronavirus infections, while seven other areas will be under Alert 3, Malacañang said on Monday.news.abs-cbn.comAlert 2 extended in Metro Manila, 7 areas under Alert 3Metro Manila will retain current restrictions against COVID-19, while seven areas will be under Alert 3, Malacañang said.coronavirus, COVID-19, COVID19, COVID, COVID Philippines, COVID updates, COVID latest Philippines, COVID alert, alert level, alert level 2, alert level 3, Metro Manila, national ...2.8K 2.8K114 comments88"
CGTN   , 7 February at 14:50  ,"Good news, folks: You can get free COVID-19 tests delivered right to your home. Head to COVIDtests.gov to get yours today.0:05 / 0:478.5K 8.5K3K comments865"
ABS-CBN News   , 8 February at 18:39  ,"Folks, the Delta variant — a highly infectious COVID-19 strain — is spreading rapidly among young people between 12 and 20 years old in the U.K. If you’re young and haven’t gotten your shot yet, it really is time. It’s the best way to protect yourself and those you love.Visit the COVID-19 Information Centre for vaccine resources.Get Vaccine Info59K 59K4.5K comments5.8K"
Vox   , 19 August 2021  ,"In case you missed it, #TheMarkSteynShow replays at GB News at 9pm ET/ 6pm PT/ 2am GMT.* Paul Gambaccini on #CressidaOut* Peter Allen on #TruckersInParis* Matt Ridley on #China & #Covid19… See moreyoutube.comMark Steyn | Thursday 10th FebruaryA no-nonsense take on the day's news, with Mark Steyn's signature frank views and big name interviews.Watch GB News on Freeview 236, Sky HD 515, Virgin Media...235 2351 comment"
President Joe Biden   , 10 September 2021  ,"""Our expectation is that the acute phase of this pandemic will end this year,"" the World Health Organization said. #COVID19news.abs-cbn.comPandemic's 'acute phase' could end by midyear: WHOThe World Health Organization's head said the acute phase of the pandemic could end this year, if around 70 percent of the world gets vaccinated.Visit the COVID-19 Information Centre for vaccine resources.Get Vaccine Info2K 2K146 comments125"
President Joe Biden   , 5 d  ,Tune in as I deliver an update on my Administration’s whole-of-government COVID-19 surge response.0:00 / 11:32Visit the COVID-19 Information Centre for vaccine resources.Get Vaccine Info8.1K 8.1K4K comments774
ABS-CBN News   , 29 January at 03:10  ,"If you haven’t yet, please get vaccinated. It’s the best way to keep yourself and your loved ones safe from the dangerous new COVID-19 variants.Let’s finish this virus once and for all.0:05 / 0:20Visit the COVID-19 Information Centre for vaccine resources.Get Vaccine Info23K 23K4K comments1.3K"
President Joe Biden   , 8 June 2021  ,We’ve made incredible progress in the fight against COVID-19. We can finish this thing. Hear from Dr. Murthy and Natalie Quillian about how getting vaccinated is the key to bringing an end to this pandemic.0:00 / 2:54Visit the COVID-19 Information Centre for vaccine resources.Get Vaccine Info13K 13K1.6K comments981
President Joe Biden   , 11 February at 06:26  ,"More than 2,600 Americans are dying from Covid-19 each day, an alarming rate that has climbed by 30% in the past two weeks. Across the U.S., the coronavirus pandemic has now claimed more than 900,000 lives.Read more: https://nyti.ms/3AX7jzI6.6K 6.6K1.3K comments1.2K"
Mark Steyn   , 13 February at 06:20  ,COVID-19 deaths are down by 90% since we took office.Millions of fully vaccinated Americans are getting back to their lives.Businesses are reopening and hiring across the country.Projected economic growth is the highest it’s been in four decades.… See moreVisit the COVID-19 Information Centre for vaccine resources.Get Vaccine Info47K 47K3.8K comments1.3K
ABS-CBN News   , 13 January  ,"We have administered over one million COVID-19 vaccine doses in the past 24 hours — that’s the highest number in seven weeks.If you haven’t yet, please get vaccinated. Let’s keep this momentum going and defeat COVID-19.Visit the COVID-19 Information Centre for vaccine resources.Get Vaccine Info63K 63K7.8K comments2.1K"
President Joe Biden was live.  , 7 July 2021  ,The conspiracy theory that athletes are collapsing or dying after receiving a Covid-19 vaccine is baseless and there is no evidence to suggest the vaccine is causing more deaths or injuries among athletes. Read more: https://nyti.ms/32HcaZ9Visit the COVID-19 Information Centre for vaccine resources.Get Vaccine Info8.6K 8.6K2.5K comments1K
President Joe Biden   , 26 June 2021  ,Yesterday I announced that the U.S. will donate half a billion additional Pfizer vaccines to help countries in dire need in this pandemic. In this moment — our values call us to do everything that we can to vaccinate the world against COVID-19.0:00 / 0:39Visit the COVID-19 Information Centre for vaccine resources.Get Vaccine Info33K 33K2.4K comments1.4K
President Joe Biden   , 5 February at 07:10  ,"Ivermectin, an anti-parasitic drug commonly used for livestock, should not be taken to treat or prevent Covid-19, the FDA said on Saturday. https://nyti.ms/2WfCSob6.2K 6.2K2K comments2.7K"
The New York Times   , 7 July 2021  ,"Ivermectin, an anti-parasitic drug commonly used for livestock, should not be taken to treat or prevent Covid-19, the FDA said on Saturday. https://nyti.ms/3y6rojN12K 12K3.6K comments4.5K"
President Joe Biden   , 20 August 2021  ,"Ivermectin, an anti-parasitic drug commonly used for livestock, should not be taken to treat or prevent Covid-19, the FDA said on Saturday. https://nyti.ms/3z9mzYn35K 35K7.2K comments44K"
President Joe Biden   , 29 January at 06:40  ,Hate has no place in America – and I look forward to making that clear this afternoon by signing the COVID-19 Hate Crimes Act into law.57K 57K3.5K comments1.2K
The New York Times   , 11 June 2021  ,Tune in as I join the White House COVID-19 Response Team and the National Governors Association to discuss our Administration’s response to the Omicron variant and to hear from the Governors on the needs in their states.0:00 / 9:125.9K 5.9K3.8K comments764
President Joe Biden   , 23 August 2021  ,"Brazil has suffered 13% of the world's Covid-19 fatalities. The country recently surpassed 500,000 deaths, and the situation there is not easing.(Photo: Mauricio Lima for The New York Times)https://nyti.ms/3wTWKdS2K 2K415 comments361"
The New York Times   , 23 August 2021  ,"I know folks have a lot of questions about COVID-19, the vaccines, and the latest mask guidance. So, we had the nation’s top experts break things down for this week’s conversation. Check it out:0:00 / 3:38Visit the COVID-19 Information Centre for vaccine resources.Get Vaccine Info12K 12K4.1K comments1.6K"
The New York Times   , 22 August 2021  ,"Today, on the National Day of Prayer, I reflect on how prayer has nourished my soul, and delivered strength, hope, and guidance when I needed it most. Today, I am praying for the end of this COVID-19 crisis — and I’m thankful to the people of faith and community groups working to get our communities vaccinated.0:00 / 2:2523K 23K2.9K comments1.7K"
The New York Times   , 20 May 2021  ,"We’ve made enormous progress when it comes to COVID-19, but new variants are spreading quickly. Now is not the time to let up — we have to hold the line while we get the country vaccinated.Wash your hands.Stay socially distanced.Wear a mask.… See moreVisit the COVID-19 Information Centre for vaccine resources.Get Vaccine Info47K 47K5.2K comments2.2K"
President Joe Biden   , 27 December 2021  ,Madhya Pradesh Chief Minister Shivraj Singh Chauhan has been found infected with coronavirus. He tweeted and informed about this.#COVID19 #MadhyaPradesh #ShivrajSinghCh
President Joe Biden was live.  , 24 June 2021  ,"We’ve made incredible progress in the fight against COVID-19, but we’re not done yet. Get vaccinated and then ensure your family, friends, and neighbors do as well.Let’s finish strong, folks.Visit the COVID-19 Information Centre for vaccine resources.Get Vaccine Info10K 10K3.1K comments633"
The New York Times   , 15 May 2021  ,"Because of the extraordinary progress we’ve made in the fight against COVID-19, the CDC made a big announcement today: If you are fully vaccinated — and if you are outdoors and not in a large crowd — you no longer need to wear a mask.Visit the COVID-19 Information Centre for vaccine resources.Get Vaccine Info60K 60K5.4K comments5.8K"
President Joe Biden   , 7 May 2021  ,Parents: kids 12 and up can now get the Pfizer COVID-19 vaccine. Go to vaccines.gov and find a vaccine near you.0:00 / 0:26Visit the COVID-19 Information Centre for vaccine resources.Get Vaccine Info20K 20K3.6K comments1K
President Joe Biden   , 30 March 2021  ,"In India, people are dying while waiting to see doctors as the second wave of the coronavirus rapidly evolves into a devastating crisis, with mounting evidence that the actual death toll is far higher than officially reported. https://nyti.ms/3xodYAP16K 16K1.7K comments2.3K"
President Joe Biden   , 4 d  ,"This morning, I signed the SAVE LIVES Act into law — expanding the VA’s authority and allowing them to provide COVID-19 vaccinations to all veterans, their spouses, and caregivers.Visit the COVID-19 Information Centre for vaccine resources.Get Vaccine Info106K 106K6.3K comments5.7K"
ABP News   , 17 May 2021  ,"On Friday, I sat down with my COVID-19 team for an update on our response. From rolling out the Johnson & Johnson vaccine to securing enough doses for every American by the end of May — last week was a big week, but we still have further to go. Please keep wearing masks, stay socially distanced, and get vaccinated when it’s your turn.Visit the COVID-19 Information Centre for vaccine resources.Get Vaccine Info53K 53K4.6K comments1.2K"
President Joe Biden   , 28 April 2021  ,Tune in as I give an update on our progress toward fighting the COVID-19 pandemic by increasing vaccinations at home and around the world.0:00 / 32:49Visit the COVID-19 Information Centre for vaccine resources.Get Vaccine Info8.9K 8.9K5.9K comments777
President Joe Biden   , 13 May 2021  ,A U.S. trial found AstraZeneca’s Covid-19 vaccine was 79% effective and completely prevented the worst outcomes from the disease while causing no serious side effects.https://nyti.ms/3c6h5Vl4.8K 4.8K554 comments557
