Title,Description,Duration,Views,Channel,Uploaded
"COVID-19: Hong Kong reports more than 4,200 new cases",Chinese President Xi Jinping has told Hong Kong's leaders they must take the main responsibility to halt the surge in COVID-19 ...,5:04,25K views,CNA,3 days ago
States Across US Prepare To End Mask Mandates As COVID-19 Cases Drop Nationwide,"With coronavirus cases and hospitalizations slowing around the country, many states are ending their mask mandates. California ...",2:25,2.1K views,TODAY,13 hours ago
"Singapore to streamline COVID-19 and border rules, announces new VTL with Hong Kong","Singapore's COVID-19 rules will be streamlined so that they are easier to understand, announced co-chair of the multi-ministry ...",1:28:27,69K views,CNA,3 days ago
"We need to rethink Covid-19 restrictions as case numbers drop, says Dr. Scott Gottlieb","Worldwide Covid cases have dropped nearly 19 percent last week, according to latest data from the World Health Organization.",4:36,13K views,CNBC Television,1 day ago
